growth_mode,N,theta,initial_density_t,distribution,alpha,p_exceed_cond,p_exceed_uncond,n_fire,n_post
uniform,128,1000.0,0.55,clustered,0.05,0.3069569414527667,0.133153125,138811,320000
uniform,128,1000.0,0.55,clustered,0.1,0.24572260123477246,0.106590625,138811,320000
uniform,128,250.0,0.55,stripes,0.05,0.1515556241797267,0.061346875,129530,320000
uniform,128,250.0,0.55,stripes,0.1,0.06955145526132943,0.028153125,129530,320000
uniform,128,3000.0,0.55,clustered,0.05,0.43910241821693075,0.21103125,153791,320000
uniform,128,3000.0,0.55,clustered,0.1,0.409029136945595,0.196578125,153791,320000
uniform,128,250.0,0.55,gradient,0.05,0.15050169805495522,0.060934375,129560,320000
uniform,128,250.0,0.55,gradient,0.1,0.06914171040444582,0.02799375,129560,320000
uniform,128,1000.0,0.55,gradient,0.05,0.3086042726054826,0.13389375,138838,320000
uniform,128,1000.0,0.55,gradient,0.1,0.24639507915700312,0.106903125,138838,320000
uniform,128,1000.0,0.55,uniform,0.05,0.3086042726054826,0.13389375,138838,320000
uniform,128,1000.0,0.55,uniform,0.1,0.24639507915700312,0.106903125,138838,320000
uniform,128,3000.0,0.55,uniform,0.05,0.43684984866259213,0.21063125,154291,320000
uniform,128,3000.0,0.55,uniform,0.1,0.40634904174579206,0.195925,154291,320000
uniform,128,250.0,0.55,clustered,0.05,0.15042815412006813,0.060990625,129743,320000
uniform,128,250.0,0.55,clustered,0.1,0.06898252699567607,0.02796875,129743,320000
uniform,128,250.0,0.55,uniform,0.05,0.1511706047287642,0.061159375,129463,320000
uniform,128,250.0,0.55,uniform,0.1,0.06876868294416165,0.027821875,129463,320000
uniform,128,500.0,0.55,clustered,0.05,0.23390206935878388,0.09741875,133278,320000
uniform,128,500.0,0.55,clustered,0.1,0.15561458005072104,0.0648125,133278,320000
uniform,128,3000.0,0.55,stripes,0.05,0.43684984866259213,0.21063125,154291,320000
uniform,128,3000.0,0.55,stripes,0.1,0.40634904174579206,0.195925,154291,320000
uniform,128,2000.0,0.55,gradient,0.05,0.38201447708706776,0.1744875,146162,320000
uniform,128,2000.0,0.55,gradient,0.1,0.3392537047933115,0.15495625,146162,320000
uniform,128,3000.0,0.55,gradient,0.05,0.43684984866259213,0.21063125,154291,320000
uniform,128,3000.0,0.55,gradient,0.1,0.40634904174579206,0.195925,154291,320000
uniform,128,2000.0,0.55,uniform,0.05,0.38201447708706776,0.1744875,146162,320000
uniform,128,2000.0,0.55,uniform,0.1,0.3392537047933115,0.15495625,146162,320000
uniform,128,2000.0,0.55,clustered,0.05,0.3828308167631599,0.175021875,146297,320000
uniform,128,2000.0,0.55,clustered,0.1,0.3402598822942371,0.155559375,146297,320000
uniform,128,2000.0,0.55,stripes,0.05,0.38201447708706776,0.1744875,146162,320000
uniform,128,2000.0,0.55,stripes,0.1,0.3392537047933115,0.15495625,146162,320000
uniform,128,500.0,0.55,uniform,0.05,0.23293076468077778,0.09721875,133559,320000
uniform,128,500.0,0.55,uniform,0.1,0.1544411084239924,0.064459375,133559,320000
uniform,128,500.0,0.55,stripes,0.05,0.23412837994596578,0.0977625,133619,320000
uniform,128,500.0,0.55,stripes,0.1,0.15468608506275305,0.064590625,133619,320000
uniform,128,1000.0,0.55,stripes,0.05,0.3086042726054826,0.13389375,138838,320000
uniform,128,1000.0,0.55,stripes,0.1,0.24639507915700312,0.106903125,138838,320000
uniform,128,500.0,0.55,gradient,0.05,0.2332512315270936,0.097659375,133980,320000
uniform,128,500.0,0.55,gradient,0.1,0.15437378713240782,0.064634375,133980,320000
uniform,256,1000.0,0.55,gradient,0.05,0.14776054699086574,0.0607125,131483,320000
uniform,256,1000.0,0.55,gradient,0.1,0.07493744438444513,0.030790625,131483,320000
uniform,256,3000.0,0.55,gradient,0.05,0.25042458493162717,0.106903125,136604,320000
uniform,256,3000.0,0.55,gradient,0.1,0.19936458668853035,0.08510625,136604,320000
uniform,256,2000.0,0.55,clustered,0.05,0.21580291400195062,0.09058125,134317,320000
uniform,256,2000.0,0.55,clustered,0.1,0.15456718062493952,0.064878125,134317,320000
uniform,256,500.0,0.55,gradient,0.05,0.07364599139132319,0.029728125,129172,320000
uniform,256,500.0,0.55,gradient,0.1,0.018920509088656983,0.0076375,129172,320000
uniform,256,2000.0,0.55,uniform,0.05,0.21688154204390747,0.091103125,134419,320000
uniform,256,2000.0,0.55,uniform,0.1,0.15424902729524845,0.06479375,134419,320000
uniform,256,500.0,0.55,uniform,0.05,0.0731157995758711,0.029521875,129206,320000
uniform,256,500.0,0.55,uniform,0.1,0.019681748525610266,0.007946875,129206,320000
uniform,256,1000.0,0.55,stripes,0.05,0.1477293438639125,0.060790625,131680,320000
uniform,256,1000.0,0.55,stripes,0.1,0.07597964763061968,0.031265625,131680,320000
uniform,256,500.0,0.55,stripes,0.05,0.07288046176762661,0.02935625,128896,320000
uniform,256,500.0,0.55,stripes,0.1,0.0195894364448858,0.007890625,128896,320000
uniform,256,2000.0,0.55,gradient,0.05,0.21564735096875884,0.090640625,134502,320000
uniform,256,2000.0,0.55,gradient,0.1,0.15371518639128043,0.064609375,134502,320000
uniform,256,1000.0,0.55,clustered,0.05,0.14781422430875224,0.060609375,131212,320000
uniform,256,1000.0,0.55,clustered,0.1,0.07568667499923787,0.031034375,131212,320000
uniform,256,250.0,0.55,clustered,0.05,0.01896614373509013,0.007503125,126594,320000
uniform,256,250.0,0.55,clustered,0.1,0.001358674186770305,0.0005375,126594,320000
uniform,256,2000.0,0.55,stripes,0.05,0.21565247114948763,0.090690625,134573,320000
uniform,256,2000.0,0.55,stripes,0.1,0.15303218327599147,0.06435625,134573,320000
uniform,256,500.0,0.55,clustered,0.05,0.07408155967724382,0.02978125,128642,320000
uniform,256,500.0,0.55,clustered,0.1,0.019721397366334478,0.007928125,128642,320000
uniform,256,3000.0,0.55,stripes,0.05,0.25042458493162717,0.106903125,136604,320000
uniform,256,3000.0,0.55,stripes,0.1,0.19936458668853035,0.08510625,136604,320000
uniform,256,3000.0,0.55,clustered,0.05,0.25049481087634473,0.10718125,136921,320000
uniform,256,3000.0,0.55,clustered,0.1,0.1988445892156791,0.08508125,136921,320000
uniform,256,250.0,0.55,stripes,0.05,0.01924002303438592,0.007621875,126767,320000
uniform,256,250.0,0.55,stripes,0.1,0.0013331545275978764,0.000528125,126767,320000
uniform,256,250.0,0.55,gradient,0.05,0.01874901404006941,0.007428125,126780,320000
uniform,256,250.0,0.55,gradient,0.1,0.001246253352263764,0.00049375,126780,320000
uniform,256,1000.0,0.55,uniform,0.05,0.1477900552486188,0.06085625,131768,320000
uniform,256,1000.0,0.55,uniform,0.1,0.07536731224576529,0.031034375,131768,320000
uniform,256,250.0,0.55,uniform,0.05,0.01942222047057896,0.0077,126865,320000
uniform,256,250.0,0.55,uniform,0.1,0.0012375359634256887,0.000490625,126865,320000
uniform,256,3000.0,0.55,uniform,0.05,0.25042458493162717,0.106903125,136604,320000
uniform,256,3000.0,0.55,uniform,0.1,0.19936458668853035,0.08510625,136604,320000
